{"Walls":[{"Pos":{"x":2,"y":10},"Sprites":["Wall12","Wall19","Wall03","Wall00"]},{"Pos":{"x":2,"y":9},"Sprites":["Wall14","Wall15","Wall18"]},{"Pos":{"x":2,"y":8},"Sprites":["Wall07","Wall14","Wall15","Wall18"]},{"Pos":{"x":4,"y":7},"Sprites":["Wall07","Wall15","Wall16","Wall00","Wall03","Wall14"]},{"Pos":{"x":2,"y":7},"Sprites":["Wall10","Wall06","Wall17","Wall04","Wall05","Wall13"]},{"Pos":{"x":3,"y":7},"Sprites":["Wall10","Wall19","Wall00","Wall13","Wall09","Wall03"]},{"Pos":{"x":4,"y":6},"Sprites":["Wall10","Wall06","Wall04","Wall05","Wall13","Wall17"]},{"Pos":{"x":5,"y":6},"Sprites":["Wall10","Wall19","Wall00","Wall03","Wall13","Wall09"]},{"Pos":{"x":6,"y":6},"Sprites":["Wall11","Wall10","Wall15","Wall16","Wall00","Wall03","Wall09"]},{"Pos":{"x":9,"y":6},"Sprites":["Wall06","Wall04","Wall10","Wall13","Wall05","Wall01","Wall00","Wall19"]},{"Pos":{"x":15,"y":6},"Sprites":["Wall06","Wall11","Wall04","Wall15","Wall18","Wall10","Wall05","Wall16","Wall00","Wall01"]},{"Pos":{"x":10,"y":6},"Sprites":["Wall11","Wall15","Wall18","Wall10","Wall09","Wall16","Wall00","Wall03"]},{"Pos":{"x":1,"y":9},"Sprites":["Wall04","Wall08","Wall05"]},{"Pos":{"x":1,"y":10},"Sprites":["Wall04","Wall19","Wall01","Wall00","Wall08","Wall05"]},{"Pos":{"x":1,"y":11},"Sprites":["WallFace00"]},{"Pos":{"x":1,"y":8},"Sprites":["Wall04","Wall10","Wall06","Wall05","Wall13"]},{"Pos":{"x":20,"y":2},"Sprites":["Wall02"]},{"Pos":{"x":20,"y":13},"Sprites":["Wall05","Wall04","Wall08"]},{"Pos":{"x":20,"y":12},"Sprites":["Wall05","Wall04","Wall08"]},{"Pos":{"x":20,"y":11},"Sprites":["Wall05","Wall04","Wall08"]},{"Pos":{"x":20,"y":10},"Sprites":["Wall05","Wall04","Wall08"]},{"Pos":{"x":20,"y":9},"Sprites":["Wall05","Wall04","Wall08"]},{"Pos":{"x":20,"y":8},"Sprites":["Wall05","Wall04","Wall08"]},{"Pos":{"x":20,"y":7},"Sprites":["Wall05","Wall04","Wall08"]},{"Pos":{"x":20,"y":6},"Sprites":["Wall05","Wall04","Wall08"]},{"Pos":{"x":20,"y":5},"Sprites":["Wall05","Wall04","Wall08"]},{"Pos":{"x":20,"y":4},"Sprites":["Wall05","Wall04","Wall08"]},{"Pos":{"x":20,"y":3},"Sprites":["Wall05","Wall04","Wall08"]},{"Pos":{"x":19,"y":2},"Sprites":["Wall00","Wall03","Wall19"]},{"Pos":{"x":18,"y":2},"Sprites":["Wall00","Wall03","Wall19"]},{"Pos":{"x":17,"y":2},"Sprites":["Wall00","Wall03","Wall19"]},{"Pos":{"x":19,"y":3},"Sprites":["WallFace00"]},{"Pos":{"x":18,"y":3},"Sprites":["WallFace00"]},{"Pos":{"x":17,"y":3},"Sprites":["WallFace00"]},{"Pos":{"x":3,"y":11},"Sprites":["WallFace00"]},{"Pos":{"x":2,"y":11},"Sprites":["WallFace00"]},{"Pos":{"x":3,"y":8},"Sprites":["WallFace00"]},{"Pos":{"x":5,"y":7},"Sprites":["WallFace00"]},{"Pos":{"x":6,"y":7},"Sprites":["WallFace00"]},{"Pos":{"x":4,"y":8},"Sprites":["WallFace00"]},{"Pos":{"x":3,"y":10},"Sprites":["Wall11","Wall15","Wall10","Wall19","Wall16","Wall03","Wall00","Wall09"]},{"Pos":{"x":15,"y":7},"Sprites":["WallFace00"]},{"Pos":{"x":10,"y":7},"Sprites":["WallFace00"]},{"Pos":{"x":9,"y":7},"Sprites":["WallFace00"]},{"Pos":{"x":3,"y":2},"Sprites":["Wall03","Wall19","Wall00","Wall16","Wall15","Wall14"]},{"Pos":{"x":11,"y":2},"Sprites":["Wall00","Wall01","Wall05","Wall08","Wall19"]},{"Pos":{"x":12,"y":2},"Sprites":["Wall00","Wall19","Wall03"]},{"Pos":{"x":13,"y":2},"Sprites":["Wall00","Wall19","Wall03"]},{"Pos":{"x":1,"y":2},"Sprites":["Wall00","Wall03","Wall19"]},{"Pos":{"x":6,"y":2},"Sprites":["Wall08","Wall01","Wall05","Wall00","Wall19"]},{"Pos":{"x":7,"y":2},"Sprites":["Wall00","Wall19","Wall03"]},{"Pos":{"x":11,"y":0},"Sprites":["Wall05","Wall08","Wall04"]},{"Pos":{"x":0,"y":3},"Sprites":["WallFace00"]},{"Pos":{"x":1,"y":3},"Sprites":["WallFace00"]},{"Pos":{"x":2,"y":3},"Sprites":["WallFace00"]},{"Pos":{"x":3,"y":3},"Sprites":["WallFace00"]},{"Pos":{"x":15,"y":2},"Sprites":["Wall00","Wall19","Wall03"]},{"Pos":{"x":2,"y":2},"Sprites":["Wall00","Wall03","Wall19"]},{"Pos":{"x":6,"y":3},"Sprites":["WallFace00"]},{"Pos":{"x":7,"y":3},"Sprites":["WallFace00"]},{"Pos":{"x":8,"y":3},"Sprites":["WallFace00"]},{"Pos":{"x":11,"y":3},"Sprites":["WallFace00"]},{"Pos":{"x":12,"y":3},"Sprites":["WallFace00"]},{"Pos":{"x":13,"y":3},"Sprites":["WallFace00"]},{"Pos":{"x":14,"y":3},"Sprites":["WallFace00"]},{"Pos":{"x":15,"y":3},"Sprites":["WallFace00"]},{"Pos":{"x":16,"y":3},"Sprites":["WallFace00"]},{"Pos":{"x":11,"y":1},"Sprites":["Wall05","Wall08","Wall04"]},{"Pos":{"x":8,"y":2},"Sprites":["Wall16","Wall03","Wall00","Wall15","Wall14"]},{"Pos":{"x":8,"y":1},"Sprites":["Wall15","Wall14","Wall18"]},{"Pos":{"x":8,"y":0},"Sprites":["Wall15","Wall14","Wall18"]},{"Pos":{"x":0,"y":2},"Sprites":["Wall00","Wall03","Wall19"]},{"Pos":{"x":14,"y":2},"Sprites":["Wall00","Wall19","Wall03"]},{"Pos":{"x":4,"y":1},"Sprites":["WallFace00"]},{"Pos":{"x":5,"y":1},"Sprites":["WallFace00"]},{"Pos":{"x":16,"y":2},"Sprites":["Wall00","Wall19","Wall03"]},{"Pos":{"x":3,"y":1},"Sprites":["Wall18","Wall14","Wall15"]},{"Pos":{"x":6,"y":1},"Sprites":["Wall08","Wall04","Wall05"]},{"Pos":{"x":4,"y":0},"Sprites":["Wall00","Wall03","Wall19"]},{"Pos":{"x":5,"y":0},"Sprites":["Wall00","Wall03","Wall19"]},{"Pos":{"x":6,"y":0},"Sprites":["Wall02"]},{"Pos":{"x":3,"y":0},"Sprites":["Wall17"]}]}