{ "frames": {
   "Wall00": {
    "frame": { "x": 0, "y": 0, "w": 16, "h": 16 },
    "rotated": false,
    "trimmed": true,
    "spriteSourceSize": { "x": 16, "y": 0, "w": 16, "h": 16 },
    "sourceSize": { "w": 128, "h": 128 },
    "duration": 100
   },
   "Wall01": {
    "frame": { "x": 16, "y": 0, "w": 16, "h": 16 },
    "rotated": false,
    "trimmed": true,
    "spriteSourceSize": { "x": 16, "y": 0, "w": 16, "h": 16 },
    "sourceSize": { "w": 128, "h": 128 },
    "duration": 100
   },
   "Wall02": {
    "frame": { "x": 32, "y": 0, "w": 16, "h": 16 },
    "rotated": false,
    "trimmed": true,
    "spriteSourceSize": { "x": 16, "y": 0, "w": 16, "h": 16 },
    "sourceSize": { "w": 128, "h": 128 },
    "duration": 100
   },
   "Wall03": {
    "frame": { "x": 48, "y": 0, "w": 16, "h": 16 },
    "rotated": false,
    "trimmed": true,
    "spriteSourceSize": { "x": 16, "y": 0, "w": 16, "h": 16 },
    "sourceSize": { "w": 128, "h": 128 },
    "duration": 100
   },
   "Wall04": {
    "frame": { "x": 64, "y": 0, "w": 16, "h": 16 },
    "rotated": false,
    "trimmed": true,
    "spriteSourceSize": { "x": 16, "y": 0, "w": 16, "h": 16 },
    "sourceSize": { "w": 128, "h": 128 },
    "duration": 100
   },
   "Wall05": {
    "frame": { "x": 0, "y": 16, "w": 16, "h": 16 },
    "rotated": false,
    "trimmed": true,
    "spriteSourceSize": { "x": 16, "y": 0, "w": 16, "h": 16 },
    "sourceSize": { "w": 128, "h": 128 },
    "duration": 100
   },
   "Wall06": {
    "frame": { "x": 16, "y": 16, "w": 16, "h": 16 },
    "rotated": false,
    "trimmed": true,
    "spriteSourceSize": { "x": 16, "y": 0, "w": 16, "h": 16 },
    "sourceSize": { "w": 128, "h": 128 },
    "duration": 100
   },
   "Wall07": {
    "frame": { "x": 32, "y": 16, "w": 16, "h": 16 },
    "rotated": false,
    "trimmed": true,
    "spriteSourceSize": { "x": 16, "y": 0, "w": 16, "h": 16 },
    "sourceSize": { "w": 128, "h": 128 },
    "duration": 100
   },
   "Wall08": {
    "frame": { "x": 48, "y": 16, "w": 16, "h": 16 },
    "rotated": false,
    "trimmed": true,
    "spriteSourceSize": { "x": 16, "y": 0, "w": 16, "h": 16 },
    "sourceSize": { "w": 128, "h": 128 },
    "duration": 100
   },
   "Wall09": {
    "frame": { "x": 64, "y": 16, "w": 16, "h": 16 },
    "rotated": false,
    "trimmed": true,
    "spriteSourceSize": { "x": 16, "y": 0, "w": 16, "h": 16 },
    "sourceSize": { "w": 128, "h": 128 },
    "duration": 100
   },
   "Wall10": {
    "frame": { "x": 0, "y": 32, "w": 16, "h": 16 },
    "rotated": false,
    "trimmed": true,
    "spriteSourceSize": { "x": 16, "y": 0, "w": 16, "h": 16 },
    "sourceSize": { "w": 128, "h": 128 },
    "duration": 100
   },
   "Wall11": {
    "frame": { "x": 16, "y": 32, "w": 16, "h": 16 },
    "rotated": false,
    "trimmed": true,
    "spriteSourceSize": { "x": 16, "y": 0, "w": 16, "h": 16 },
    "sourceSize": { "w": 128, "h": 128 },
    "duration": 100
   },
   "Wall12": {
    "frame": { "x": 32, "y": 32, "w": 16, "h": 16 },
    "rotated": false,
    "trimmed": true,
    "spriteSourceSize": { "x": 16, "y": 0, "w": 16, "h": 16 },
    "sourceSize": { "w": 128, "h": 128 },
    "duration": 100
   },
   "Wall13": {
    "frame": { "x": 48, "y": 32, "w": 16, "h": 16 },
    "rotated": false,
    "trimmed": true,
    "spriteSourceSize": { "x": 16, "y": 0, "w": 16, "h": 16 },
    "sourceSize": { "w": 128, "h": 128 },
    "duration": 100
   },
   "Wall14": {
    "frame": { "x": 64, "y": 32, "w": 16, "h": 16 },
    "rotated": false,
    "trimmed": true,
    "spriteSourceSize": { "x": 16, "y": 0, "w": 16, "h": 16 },
    "sourceSize": { "w": 128, "h": 128 },
    "duration": 100
   },
   "Wall15": {
    "frame": { "x": 0, "y": 48, "w": 16, "h": 16 },
    "rotated": false,
    "trimmed": true,
    "spriteSourceSize": { "x": 16, "y": 0, "w": 16, "h": 16 },
    "sourceSize": { "w": 128, "h": 128 },
    "duration": 100
   },
   "Wall16": {
    "frame": { "x": 16, "y": 48, "w": 16, "h": 16 },
    "rotated": false,
    "trimmed": true,
    "spriteSourceSize": { "x": 16, "y": 0, "w": 16, "h": 16 },
    "sourceSize": { "w": 128, "h": 128 },
    "duration": 100
   },
   "Wall17": {
    "frame": { "x": 32, "y": 48, "w": 16, "h": 16 },
    "rotated": false,
    "trimmed": true,
    "spriteSourceSize": { "x": 16, "y": 0, "w": 16, "h": 16 },
    "sourceSize": { "w": 128, "h": 128 },
    "duration": 100
   },
   "Wall18": {
    "frame": { "x": 48, "y": 48, "w": 16, "h": 16 },
    "rotated": false,
    "trimmed": true,
    "spriteSourceSize": { "x": 16, "y": 0, "w": 16, "h": 16 },
    "sourceSize": { "w": 128, "h": 128 },
    "duration": 100
   },
   "Wall19": {
    "frame": { "x": 64, "y": 48, "w": 16, "h": 16 },
    "rotated": false,
    "trimmed": true,
    "spriteSourceSize": { "x": 16, "y": 0, "w": 16, "h": 16 },
    "sourceSize": { "w": 128, "h": 128 },
    "duration": 100
   },
   "WallFace00": {
    "frame": { "x": 0, "y": 64, "w": 16, "h": 16 },
    "rotated": false,
    "trimmed": true,
    "spriteSourceSize": { "x": 0, "y": 0, "w": 16, "h": 16 },
    "sourceSize": { "w": 128, "h": 128 },
    "duration": 100
   }
 },
 "meta": {
  "app": "http://www.aseprite.org/",
  "version": "1.2.17-x64",
  "image": "spritesheet_le.png",
  "format": "RGBA8888",
  "size": { "w": 80, "h": 80 },
  "scale": "1",
  "frameTags": [
  ],
  "layers": [
   { "name": "Wall", "opacity": 255, "blendMode": "normal" },
   { "name": "WallFace", "opacity": 255, "blendMode": "normal" }
  ],
  "slices": [
  ]
 }
}
