{"Walls":[{"Pos":{"x":8,"y":4},"Sprites":["Wall01"]},{"Pos":{"x":9,"y":4},"Sprites":["Wall09"]},{"Pos":{"x":9,"y":5},"Sprites":["Wall11"]},{"Pos":{"x":9,"y":6},"Sprites":["Wall13"]},{"Pos":{"x":8,"y":6},"Sprites":["Wall03"]},{"Pos":{"x":7,"y":6},"Sprites":["Wall17"]},{"Pos":{"x":7,"y":7},"Sprites":["Wall13"]},{"Pos":{"x":6,"y":7},"Sprites":["Wall03"]},{"Pos":{"x":5,"y":7},"Sprites":["Wall03"]},{"Pos":{"x":4,"y":7},"Sprites":["Wall03"]},{"Pos":{"x":3,"y":7},"Sprites":["Wall12"]},{"Pos":{"x":3,"y":6},"Sprites":["Wall10"]},{"Pos":{"x":3,"y":5},"Sprites":["Wall10"]},{"Pos":{"x":3,"y":4},"Sprites":["Wall18"]},{"Pos":{"x":2,"y":4},"Sprites":["Wall06"]},{"Pos":{"x":5,"y":2},"Sprites":["Wall02"]},{"Pos":{"x":4,"y":2},"Sprites":["Wall01"]},{"Pos":{"x":3,"y":2},"Sprites":["Wall00"]},{"Pos":{"x":2,"y":2},"Sprites":["Wall04"]},{"Pos":{"x":6,"y":2},"Sprites":["Wall00"]},{"Pos":{"x":7,"y":4},"Sprites":["Wall15"]},{"Pos":{"x":7,"y":3},"Sprites":["Wall11"]},{"Pos":{"x":7,"y":2},"Sprites":["Wall09"]}]}